{"y": [423.447961807251, 419.16815757751465, 374.3623638153076, 315.8257484436035, 262.2136116027832, 243.43219757080078, 148.51871967315674, 133.4501838684082, 149.41397666931152, 230.2145004272461, 124.08502578735352, 118.90865564346313, 148.16824436187744, 236.90340042114258, 137.27067947387695, 125.30193328857422, 141.38041019439697, 257.9106903076172, 192.43553638458252, 179.1079044342041, 181.1276149749756], "x": [338.65856170654297, 247.23304748535156, 195.4014015197754, 164.12694931030273, 147.75004386901855, 287.8665351867676, 260.66558837890625, 194.9065399169922, 139.1920280456543, 331.5583801269531, 328.09783935546875, 249.68442916870117, 185.5994415283203, 365.12603759765625, 370.0253677368164, 292.95854568481445, 232.74091720581055, 391.5863037109375, 370.7479476928711, 305.11743545532227, 247.3914337158203]}